timestamp,task,success,duration,notes
2025-03-16 09:21:29,Task 1: Example Task,Yes,0.64,
2025-03-16 14:27:17,Task 1: Example Task,Yes,2.68,Completed the task quickly.
2025-03-16 14:34:51,Task 1: Example Task,Yes,2.5,Task was done fairly quickly.
2025-03-16 14:47:43,Task 1: Example Task,Yes,2.39,It was fast.
2025-03-16 14:54:11,Task 1: Example Task,Yes,1.87,
2025-03-16 15:00:13,Task 1: Example Task,Yes,1.92,
2025-03-16 15:04:41,Task 1: Example Task,Yes,1.21,
2025-03-16 15:09:09,Task 1: Example Task,Yes,0.85,
2025-03-16 15:43:07,Task 1: Example Task,Yes,1.14,
